date,region,number
28/12/2020,North East,132
27/12/2020,North East,1100
26/12/2020,North East,883
25/12/2020,North East,266
24/12/2020,North East,704
23/12/2020,North East,1020
22/12/2020,North East,1107
21/12/2020,North East,982
20/12/2020,North East,739
19/12/2020,North East,605
18/12/2020,North East,782
17/12/2020,North East,628
16/12/2020,North East,813
15/12/2020,North East,888
14/12/2020,North East,876
13/12/2020,North East,572
12/12/2020,North East,507
11/12/2020,North East,650
10/12/2020,North East,647
09/12/2020,North East,644
08/12/2020,North East,725
07/12/2020,North East,758
06/12/2020,North East,511
05/12/2020,North East,413
04/12/2020,North East,557
03/12/2020,North East,591
02/12/2020,North East,643
01/12/2020,North East,647
30/11/2020,North East,766
29/11/2020,North East,455
28/11/2020,North East,494
27/11/2020,North East,638
26/11/2020,North East,704
25/11/2020,North East,804
24/11/2020,North East,853
23/11/2020,North East,973
22/11/2020,North East,625
21/11/2020,North East,678
20/11/2020,North East,942
19/11/2020,North East,1024
18/11/2020,North East,1341
17/11/2020,North East,1469
16/11/2020,North East,1571
15/11/2020,North East,1052
14/11/2020,North East,1051
13/11/2020,North East,1511
12/11/2020,North East,1534
11/11/2020,North East,1859
10/11/2020,North East,1778
09/11/2020,North East,2055
08/11/2020,North East,1295
07/11/2020,North East,1345
06/11/2020,North East,1460
05/11/2020,North East,1485
04/11/2020,North East,1415
03/11/2020,North East,1518
02/11/2020,North East,1672
01/11/2020,North East,994
31/10/2020,North East,885
30/10/2020,North East,1210
29/10/2020,North East,1122
28/10/2020,North East,1171
27/10/2020,North East,1176
26/10/2020,North East,1318
25/10/2020,North East,848
24/10/2020,North East,861
23/10/2020,North East,1039
22/10/2020,North East,1227
21/10/2020,North East,1506
20/10/2020,North East,1433
19/10/2020,North East,1410
18/10/2020,North East,825
17/10/2020,North East,807
16/10/2020,North East,1079
15/10/2020,North East,1168
14/10/2020,North East,1388
13/10/2020,North East,1296
12/10/2020,North East,1386
11/10/2020,North East,931
10/10/2020,North East,843
09/10/2020,North East,1178
08/10/2020,North East,1377
07/10/2020,North East,1473
06/10/2020,North East,1442
05/10/2020,North East,1374
04/10/2020,North East,1199
03/10/2020,North East,1164
02/10/2020,North East,1216
01/10/2020,North East,1183
30/09/2020,North East,963
29/09/2020,North East,1046
28/09/2020,North East,969
27/09/2020,North East,660
26/09/2020,North East,778
25/09/2020,North East,607
24/09/2020,North East,719
23/09/2020,North East,640
22/09/2020,North East,549
21/09/2020,North East,610
20/09/2020,North East,590
19/09/2020,North East,434
18/09/2020,North East,463
17/09/2020,North East,370
16/09/2020,North East,328
15/09/2020,North East,263
14/09/2020,North East,196
13/09/2020,North East,141
12/09/2020,North East,156
11/09/2020,North East,200
10/09/2020,North East,236
09/09/2020,North East,234
08/09/2020,North East,224
07/09/2020,North East,203
06/09/2020,North East,170
05/09/2020,North East,233
04/09/2020,North East,176
03/09/2020,North East,204
02/09/2020,North East,127
01/09/2020,North East,118
31/08/2020,North East,91
30/08/2020,North East,61
29/08/2020,North East,78
28/08/2020,North East,67
27/08/2020,North East,66
26/08/2020,North East,68
25/08/2020,North East,49
24/08/2020,North East,39
23/08/2020,North East,23
22/08/2020,North East,33
21/08/2020,North East,42
20/08/2020,North East,43
19/08/2020,North East,46
18/08/2020,North East,36
17/08/2020,North East,32
16/08/2020,North East,11
15/08/2020,North East,18
14/08/2020,North East,31
13/08/2020,North East,53
12/08/2020,North East,39
11/08/2020,North East,45
10/08/2020,North East,21
09/08/2020,North East,15
08/08/2020,North East,12
07/08/2020,North East,15
06/08/2020,North East,24
05/08/2020,North East,30
04/08/2020,North East,20
03/08/2020,North East,19
02/08/2020,North East,16
01/08/2020,North East,9
31/07/2020,North East,12
30/07/2020,North East,15
29/07/2020,North East,21
28/07/2020,North East,5
27/07/2020,North East,9
26/07/2020,North East,6
25/07/2020,North East,5
24/07/2020,North East,7
23/07/2020,North East,8
22/07/2020,North East,16
21/07/2020,North East,14
20/07/2020,North East,11
19/07/2020,North East,7
18/07/2020,North East,4
17/07/2020,North East,10
16/07/2020,North East,15
15/07/2020,North East,16
14/07/2020,North East,12
13/07/2020,North East,9
12/07/2020,North East,3
11/07/2020,North East,7
10/07/2020,North East,10
09/07/2020,North East,17
08/07/2020,North East,12
07/07/2020,North East,12
06/07/2020,North East,11
05/07/2020,North East,4
04/07/2020,North East,9
03/07/2020,North East,8
02/07/2020,North East,9
01/07/2020,North East,7
30/06/2020,North East,11
29/06/2020,North East,11
28/06/2020,North East,9
27/06/2020,North East,13
26/06/2020,North East,8
25/06/2020,North East,12
24/06/2020,North East,11
23/06/2020,North East,26
22/06/2020,North East,24
21/06/2020,North East,4
20/06/2020,North East,17
19/06/2020,North East,14
18/06/2020,North East,23
17/06/2020,North East,19
16/06/2020,North East,18
15/06/2020,North East,32
14/06/2020,North East,31
13/06/2020,North East,31
12/06/2020,North East,40
11/06/2020,North East,23
10/06/2020,North East,38
09/06/2020,North East,40
08/06/2020,North East,34
07/06/2020,North East,17
06/06/2020,North East,28
05/06/2020,North East,42
04/06/2020,North East,59
03/06/2020,North East,51
02/06/2020,North East,59
01/06/2020,North East,70
31/05/2020,North East,46
30/05/2020,North East,46
29/05/2020,North East,70
28/05/2020,North East,49
27/05/2020,North East,116
26/05/2020,North East,100
25/05/2020,North East,59
24/05/2020,North East,76
23/05/2020,North East,76
22/05/2020,North East,95
21/05/2020,North East,130
20/05/2020,North East,131
19/05/2020,North East,124
18/05/2020,North East,147
17/05/2020,North East,98
16/05/2020,North East,126
15/05/2020,North East,137
14/05/2020,North East,139
13/05/2020,North East,142
12/05/2020,North East,220
11/05/2020,North East,229
10/05/2020,North East,150
09/05/2020,North East,151
08/05/2020,North East,158
07/05/2020,North East,199
06/05/2020,North East,243
05/05/2020,North East,252
04/05/2020,North East,234
03/05/2020,North East,162
02/05/2020,North East,183
01/05/2020,North East,273
30/04/2020,North East,384
29/04/2020,North East,357
28/04/2020,North East,361
27/04/2020,North East,281
26/04/2020,North East,159
25/04/2020,North East,215
24/04/2020,North East,332
23/04/2020,North East,333
22/04/2020,North East,362
21/04/2020,North East,288
20/04/2020,North East,315
19/04/2020,North East,276
18/04/2020,North East,379
17/04/2020,North East,291
16/04/2020,North East,295
15/04/2020,North East,284
14/04/2020,North East,256
13/04/2020,North East,232
12/04/2020,North East,201
11/04/2020,North East,267
10/04/2020,North East,245
09/04/2020,North East,314
08/04/2020,North East,289
07/04/2020,North East,349
06/04/2020,North East,375
05/04/2020,North East,222
04/04/2020,North East,254
03/04/2020,North East,260
02/04/2020,North East,219
01/04/2020,North East,307
31/03/2020,North East,211
30/03/2020,North East,176
29/03/2020,North East,107
28/03/2020,North East,113
27/03/2020,North East,102
26/03/2020,North East,97
25/03/2020,North East,76
24/03/2020,North East,76
23/03/2020,North East,58
22/03/2020,North East,20
21/03/2020,North East,23
20/03/2020,North East,26
19/03/2020,North East,19
18/03/2020,North East,14
17/03/2020,North East,16
16/03/2020,North East,7
15/03/2020,North East,10
14/03/2020,North East,6
13/03/2020,North East,6
12/03/2020,North East,2
11/03/2020,North East,1
10/03/2020,North East,4
09/03/2020,North East,3
08/03/2020,North East,0
07/03/2020,North East,2
06/03/2020,North East,1
05/03/2020,North East,2
04/03/2020,North East,1
03/03/2020,North East,0
02/03/2020,North East,1
28/12/2020,North West,820
27/12/2020,North West,2899
26/12/2020,North West,2431
25/12/2020,North West,845
24/12/2020,North West,2145
23/12/2020,North West,2785
22/12/2020,North West,2761
21/12/2020,North West,3046
20/12/2020,North West,1947
19/12/2020,North West,1657
18/12/2020,North West,2096
17/12/2020,North West,1948
16/12/2020,North West,2031
15/12/2020,North West,2121
14/12/2020,North West,2237
13/12/2020,North West,1321
12/12/2020,North West,1254
11/12/2020,North West,1642
10/12/2020,North West,1646
09/12/2020,North West,1596
08/12/2020,North West,1572
07/12/2020,North West,1839
06/12/2020,North West,1135
05/12/2020,North West,998
04/12/2020,North West,1453
03/12/2020,North West,1353
02/12/2020,North West,1449
01/12/2020,North West,1708
30/11/2020,North West,1881
29/11/2020,North West,1055
28/11/2020,North West,1140
27/11/2020,North West,1430
26/11/2020,North West,1597
25/11/2020,North West,1835
24/11/2020,North West,1859
23/11/2020,North West,2179
22/11/2020,North West,1384
21/11/2020,North West,1378
20/11/2020,North West,1984
19/11/2020,North West,2178
18/11/2020,North West,2577
17/11/2020,North West,3048
16/11/2020,North West,3370
15/11/2020,North West,2119
14/11/2020,North West,2374
13/11/2020,North West,3226
12/11/2020,North West,3418
11/11/2020,North West,3914
10/11/2020,North West,3901
09/11/2020,North West,4713
08/11/2020,North West,3176
07/11/2020,North West,2809
06/11/2020,North West,3854
05/11/2020,North West,3912
28/12/2020,London,346
04/11/2020,North West,4088
27/12/2020,London,6310
26/12/2020,London,9753
25/12/2020,London,4164
24/12/2020,London,7820
23/12/2020,London,11739
22/12/2020,London,13041
21/12/2020,London,13091
03/11/2020,North West,4442
02/11/2020,North West,5938
01/11/2020,North West,3065
31/10/2020,North West,3144
19/12/2020,London,7087
18/12/2020,London,10748
30/10/2020,North West,4373
29/10/2020,North West,4545
28/10/2020,North West,4647
27/10/2020,North West,4942
26/10/2020,North West,5540
25/10/2020,North West,3283
24/10/2020,North West,3392
23/10/2020,North West,4481
17/12/2020,London,10111
16/12/2020,London,9896
15/12/2020,London,8806
14/12/2020,London,8303
13/12/2020,London,5498
12/12/2020,London,4658
11/12/2020,London,5462
10/12/2020,London,4993
22/10/2020,North West,4778
21/10/2020,North West,5543
20/10/2020,North West,5594
19/10/2020,North West,6156
18/10/2020,North West,3211
17/10/2020,North West,3587
16/10/2020,North West,3891
09/12/2020,London,4409
15/10/2020,North West,4169
14/10/2020,North West,4475
13/10/2020,North West,4282
12/10/2020,North West,4761
08/12/2020,London,3697
07/12/2020,London,3703
06/12/2020,London,2418
05/12/2020,London,2272
04/12/2020,London,2911
03/12/2020,London,2436
02/12/2020,London,2782
11/10/2020,North West,2931
10/10/2020,North West,2940
09/10/2020,North West,3738
08/10/2020,North West,4278
07/10/2020,North West,4365
06/10/2020,North West,4538
05/10/2020,North West,4337
04/10/2020,North West,2901
03/10/2020,North West,2948
02/10/2020,North West,3423
01/10/2020,North West,3593
30/09/2020,North West,3628
29/09/2020,North West,3172
28/09/2020,North West,2993
27/09/2020,North West,2245
26/09/2020,North West,2018
25/09/2020,North West,2218
24/09/2020,North West,2212
23/09/2020,North West,2159
22/09/2020,North West,1972
21/09/2020,North West,1477
20/09/2020,North West,1562
19/09/2020,North West,1510
18/09/2020,North West,1398
01/12/2020,London,2446
17/09/2020,North West,1405
16/09/2020,North West,1447
15/09/2020,North West,1067
14/09/2020,North West,1049
13/09/2020,North West,613
12/09/2020,North West,759
30/11/2020,London,2690
29/11/2020,London,1650
28/11/2020,London,1636
27/11/2020,London,2195
26/11/2020,London,2064
25/11/2020,London,2234
24/11/2020,London,2145
23/11/2020,London,2387
22/11/2020,London,1479
21/11/2020,London,1473
20/11/2020,London,2107
19/11/2020,London,2177
18/11/2020,London,2453
17/11/2020,London,2558
11/09/2020,North West,875
10/09/2020,North West,912
09/09/2020,North West,838
08/09/2020,North West,858
07/09/2020,North West,959
06/09/2020,North West,573
05/09/2020,North West,541
16/11/2020,London,3070
15/11/2020,London,1801
14/11/2020,London,1921
13/11/2020,London,2687
04/09/2020,North West,633
12/11/2020,London,2838
03/09/2020,North West,630
11/11/2020,London,2910
10/11/2020,London,2721
02/09/2020,North West,666
01/09/2020,North West,450
31/08/2020,North West,264
30/08/2020,North West,255
09/11/2020,London,3079
08/11/2020,London,1755
07/11/2020,London,1647
06/11/2020,London,2110
05/11/2020,London,2088
04/11/2020,London,2046
03/11/2020,London,2125
02/11/2020,London,2903
01/11/2020,London,1204
29/08/2020,North West,245
28/08/2020,North West,358
27/08/2020,North West,286
26/08/2020,North West,284
31/10/2020,London,1386
30/10/2020,London,1869
29/10/2020,London,2009
25/08/2020,North West,212
24/08/2020,North West,251
23/08/2020,North West,118
22/08/2020,North West,173
21/08/2020,North West,210
20/08/2020,North West,224
19/08/2020,North West,253
28/10/2020,London,1962
18/08/2020,North West,191
17/08/2020,North West,282
27/10/2020,London,2086
26/10/2020,London,2523
25/10/2020,London,1290
16/08/2020,North West,115
15/08/2020,North West,156
14/08/2020,North West,235
13/08/2020,North West,235
12/08/2020,North West,275
11/08/2020,North West,308
10/08/2020,North West,358
24/10/2020,London,1433
09/08/2020,North West,160
23/10/2020,London,2005
22/10/2020,London,2174
21/10/2020,London,2357
20/10/2020,London,2314
19/10/2020,London,2331
18/10/2020,London,1294
17/10/2020,London,1104
16/10/2020,London,1653
08/08/2020,North West,214
07/08/2020,North West,240
06/08/2020,North West,279
05/08/2020,North West,261
04/08/2020,North West,278
03/08/2020,North West,300
02/08/2020,North West,168
15/10/2020,London,1715
14/10/2020,London,1620
13/10/2020,London,1423
12/10/2020,London,1573
11/10/2020,London,742
10/10/2020,London,871
01/08/2020,North West,158
31/07/2020,North West,178
30/07/2020,North West,221
09/10/2020,London,1345
08/10/2020,London,1476
07/10/2020,London,1401
06/10/2020,London,1167
05/10/2020,London,1287
04/10/2020,London,819
03/10/2020,London,789
02/10/2020,London,1036
29/07/2020,North West,288
28/07/2020,North West,198
27/07/2020,North West,190
01/10/2020,London,1067
30/09/2020,London,987
29/09/2020,London,699
26/07/2020,North West,158
25/07/2020,North West,137
24/07/2020,North West,158
23/07/2020,North West,183
22/07/2020,North West,208
21/07/2020,North West,157
28/09/2020,London,740
20/07/2020,North West,164
19/07/2020,North West,93
18/07/2020,North West,106
17/07/2020,North West,110
27/09/2020,London,529
26/09/2020,London,548
25/09/2020,London,604
24/09/2020,London,599
16/07/2020,North West,149
15/07/2020,North West,146
14/07/2020,North West,109
23/09/2020,London,658
13/07/2020,North West,105
12/07/2020,North West,54
11/07/2020,North West,79
10/07/2020,North West,88
09/07/2020,North West,130
08/07/2020,North West,115
07/07/2020,North West,94
06/07/2020,North West,142
05/07/2020,North West,115
04/07/2020,North West,72
03/07/2020,North West,98
22/09/2020,London,519
21/09/2020,London,428
20/09/2020,London,410
02/07/2020,North West,98
01/07/2020,North West,114
30/06/2020,North West,102
29/06/2020,North West,123
28/06/2020,North West,93
19/09/2020,London,339
18/09/2020,London,387
27/06/2020,North West,93
26/06/2020,North West,105
25/06/2020,North West,126
24/06/2020,North West,159
17/09/2020,London,323
23/06/2020,North West,127
22/06/2020,North West,157
21/06/2020,North West,98
20/06/2020,North West,118
19/06/2020,North West,162
18/06/2020,North West,179
17/06/2020,North West,185
16/09/2020,London,293
15/09/2020,London,269
16/06/2020,North West,211
15/06/2020,North West,165
14/09/2020,London,300
13/09/2020,London,112
12/09/2020,London,230
11/09/2020,London,332
10/09/2020,London,391
09/09/2020,London,343
08/09/2020,London,343
07/09/2020,London,462
06/09/2020,London,205
05/09/2020,London,270
14/06/2020,North West,148
04/09/2020,London,355
03/09/2020,London,347
02/09/2020,London,333
13/06/2020,North West,127
01/09/2020,London,314
12/06/2020,North West,170
11/06/2020,North West,177
10/06/2020,North West,225
09/06/2020,North West,218
31/08/2020,London,216
08/06/2020,North West,165
30/08/2020,London,133
07/06/2020,North West,128
29/08/2020,London,139
28/08/2020,London,220
27/08/2020,London,229
26/08/2020,London,164
25/08/2020,London,170
24/08/2020,London,195
23/08/2020,London,143
22/08/2020,London,118
06/06/2020,North West,132
21/08/2020,London,166
05/06/2020,North West,204
04/06/2020,North West,241
20/08/2020,London,204
03/06/2020,North West,256
19/08/2020,London,152
18/08/2020,London,181
17/08/2020,London,189
16/08/2020,London,88
02/06/2020,North West,287
01/06/2020,North West,260
31/05/2020,North West,233
30/05/2020,North West,216
15/08/2020,London,106
14/08/2020,London,126
13/08/2020,London,124
12/08/2020,London,161
11/08/2020,London,149
29/05/2020,North West,302
28/05/2020,North West,324
27/05/2020,North West,295
26/05/2020,North West,309
25/05/2020,North West,268
24/05/2020,North West,263
23/05/2020,North West,289
22/05/2020,North West,376
21/05/2020,North West,427
20/05/2020,North West,497
19/05/2020,North West,583
18/05/2020,North West,409
17/05/2020,North West,300
10/08/2020,London,143
09/08/2020,London,67
08/08/2020,London,55
07/08/2020,London,122
06/08/2020,London,105
05/08/2020,London,114
04/08/2020,London,104
16/05/2020,North West,407
15/05/2020,North West,392
14/05/2020,North West,427
13/05/2020,North West,526
12/05/2020,North West,549
11/05/2020,North West,531
10/05/2020,North West,346
09/05/2020,North West,344
08/05/2020,North West,482
07/05/2020,North West,508
03/08/2020,London,87
02/08/2020,London,76
01/08/2020,London,58
31/07/2020,London,73
30/07/2020,London,102
29/07/2020,London,99
28/07/2020,London,100
27/07/2020,London,100
26/07/2020,London,65
25/07/2020,London,56
24/07/2020,London,83
23/07/2020,London,70
22/07/2020,London,79
21/07/2020,London,82
06/05/2020,North West,585
20/07/2020,London,97
19/07/2020,London,41
18/07/2020,London,48
17/07/2020,London,48
05/05/2020,North West,576
16/07/2020,London,70
15/07/2020,London,76
14/07/2020,London,62
13/07/2020,London,85
12/07/2020,London,38
11/07/2020,London,19
10/07/2020,London,40
09/07/2020,London,54
08/07/2020,London,57
07/07/2020,London,60
04/05/2020,North West,427
06/07/2020,London,54
05/07/2020,London,51
03/05/2020,North West,492
04/07/2020,London,32
03/07/2020,London,38
02/07/2020,London,40
02/05/2020,North West,412
01/05/2020,North West,727
30/04/2020,North West,773
29/04/2020,North West,795
28/04/2020,North West,710
27/04/2020,North West,622
26/04/2020,North West,428
25/04/2020,North West,549
24/04/2020,North West,750
23/04/2020,North West,858
22/04/2020,North West,913
01/07/2020,London,42
21/04/2020,North West,693
30/06/2020,London,52
29/06/2020,London,58
28/06/2020,London,22
27/06/2020,London,32
26/06/2020,London,48
20/04/2020,North West,673
19/04/2020,North West,607
25/06/2020,London,57
24/06/2020,London,46
18/04/2020,North West,863
23/06/2020,London,48
22/06/2020,London,51
21/06/2020,London,27
20/06/2020,London,29
19/06/2020,London,37
18/06/2020,London,46
17/06/2020,London,42
17/04/2020,North West,579
16/04/2020,North West,778
15/04/2020,North West,696
14/04/2020,North West,633
16/06/2020,London,46
13/04/2020,North West,609
12/04/2020,North West,489
11/04/2020,North West,611
10/04/2020,North West,602
09/04/2020,North West,804
08/04/2020,North West,853
07/04/2020,North West,792
06/04/2020,North West,875
05/04/2020,North West,627
15/06/2020,London,41
04/04/2020,North West,602
03/04/2020,North West,682
02/04/2020,North West,678
01/04/2020,North West,619
14/06/2020,London,31
13/06/2020,London,39
12/06/2020,London,53
11/06/2020,London,47
10/06/2020,London,52
09/06/2020,London,71
08/06/2020,London,56
07/06/2020,London,45
06/06/2020,London,47
05/06/2020,London,46
04/06/2020,London,57
03/06/2020,London,79
02/06/2020,London,49
01/06/2020,London,49
31/05/2020,London,38
30/05/2020,London,39
31/03/2020,North West,556
29/05/2020,London,58
28/05/2020,London,74
27/05/2020,London,84
26/05/2020,London,65
25/05/2020,London,58
24/05/2020,London,50
23/05/2020,London,65
22/05/2020,London,83
21/05/2020,London,157
20/05/2020,London,143
19/05/2020,London,128
18/05/2020,London,113
17/05/2020,London,79
16/05/2020,London,75
30/03/2020,North West,507
29/03/2020,North West,359
28/03/2020,North West,322
27/03/2020,North West,333
15/05/2020,London,132
14/05/2020,London,158
13/05/2020,London,204
12/05/2020,London,193
11/05/2020,London,160
10/05/2020,London,125
09/05/2020,London,128
08/05/2020,London,206
07/05/2020,London,270
26/03/2020,North West,358
25/03/2020,North West,255
24/03/2020,North West,255
23/03/2020,North West,175
06/05/2020,London,270
05/05/2020,London,217
22/03/2020,North West,117
04/05/2020,London,246
21/03/2020,North West,115
03/05/2020,London,168
20/03/2020,North West,82
19/03/2020,North West,98
18/03/2020,North West,84
02/05/2020,London,248
01/05/2020,London,355
17/03/2020,North West,55
30/04/2020,London,424
29/04/2020,London,428
28/04/2020,London,312
27/04/2020,London,419
26/04/2020,London,311
16/03/2020,North West,56
15/03/2020,North West,24
25/04/2020,London,333
24/04/2020,London,378
23/04/2020,London,524
22/04/2020,London,399
21/04/2020,London,467
14/03/2020,North West,25
13/03/2020,North West,43
12/03/2020,North West,40
11/03/2020,North West,17
10/03/2020,North West,15
09/03/2020,North West,7
08/03/2020,North West,5
07/03/2020,North West,9
06/03/2020,North West,2
20/04/2020,London,437
19/04/2020,London,395
18/04/2020,London,401
17/04/2020,London,579
05/03/2020,North West,10
04/03/2020,North West,2
03/03/2020,North West,7
02/03/2020,North West,6
16/04/2020,London,578
15/04/2020,London,660
14/04/2020,London,600
13/04/2020,London,602
12/04/2020,London,501
11/04/2020,London,523
10/04/2020,London,619
09/04/2020,London,800
08/04/2020,London,875
07/04/2020,London,952
06/04/2020,London,860
05/04/2020,London,632
04/04/2020,London,765
03/04/2020,London,983
01/03/2020,North West,7
02/04/2020,London,1069
01/04/2020,London,979
31/03/2020,London,935
30/03/2020,London,868
29/02/2020,North West,0
29/03/2020,London,596
28/02/2020,North West,1
27/02/2020,North West,0
26/02/2020,North West,0
28/03/2020,London,577
27/03/2020,London,818
26/03/2020,London,766
25/03/2020,London,757
24/03/2020,London,636
25/02/2020,North West,0
24/02/2020,North West,0
23/03/2020,London,689
22/03/2020,London,437
21/03/2020,London,351
20/03/2020,London,426
19/03/2020,London,332
18/03/2020,London,356
23/02/2020,North West,0
17/03/2020,London,311
22/02/2020,North West,1
16/03/2020,London,234
15/03/2020,London,165
14/03/2020,London,150
13/03/2020,London,135
12/03/2020,London,164
11/03/2020,London,183
10/03/2020,London,92
09/03/2020,London,52
08/03/2020,London,22
07/03/2020,London,15
06/03/2020,London,24
05/03/2020,London,14
04/03/2020,London,18
03/03/2020,London,6
02/03/2020,London,12
01/03/2020,London,4
29/02/2020,London,1
28/02/2020,London,3
27/02/2020,London,2
26/02/2020,London,2
25/02/2020,London,3
24/02/2020,London,1
23/02/2020,London,0
22/02/2020,London,0
21/02/2020,London,0
20/02/2020,London,0
19/02/2020,London,0
18/02/2020,London,0
17/02/2020,London,0
16/02/2020,London,0
15/02/2020,London,0
14/02/2020,London,0
13/02/2020,London,0
12/02/2020,London,0
11/02/2020,London,1
28/12/2020,East of England,137
27/12/2020,East of England,4216
26/12/2020,East of England,5363
25/12/2020,East of England,1643
24/12/2020,East of England,3948
23/12/2020,East of England,5788
22/12/2020,East of England,6242
21/12/2020,East of England,6615
20/12/2020,East of England,4591
19/12/2020,East of England,3393
18/12/2020,East of England,5129
17/12/2020,East of England,4619
16/12/2020,East of England,4715
15/12/2020,East of England,4342
14/12/2020,East of England,4427
13/12/2020,East of England,2753
12/12/2020,East of England,2242
11/12/2020,East of England,2679
10/12/2020,East of England,2317
09/12/2020,East of England,2251
08/12/2020,East of England,2085
07/12/2020,East of England,2193
06/12/2020,East of England,1303
05/12/2020,East of England,1184
04/12/2020,East of England,1375
03/12/2020,East of England,1337
02/12/2020,East of England,1436
01/12/2020,East of England,1284
30/11/2020,East of England,1510
29/11/2020,East of England,770
28/11/2020,East of England,804
27/11/2020,East of England,1133
26/11/2020,East of England,1029
25/11/2020,East of England,1204
24/11/2020,East of England,1029
23/11/2020,East of England,1234
22/11/2020,East of England,805
21/11/2020,East of England,801
20/11/2020,East of England,1056
19/11/2020,East of England,1180
18/11/2020,East of England,1250
17/11/2020,East of England,1319
16/11/2020,East of England,1591
15/11/2020,East of England,914
14/11/2020,East of England,983
13/11/2020,East of England,1364
12/11/2020,East of England,1372
11/11/2020,East of England,1607
10/11/2020,East of England,1457
09/11/2020,East of England,1797
08/11/2020,East of England,1076
07/11/2020,East of England,1009
06/11/2020,East of England,1107
05/11/2020,East of England,1116
20/12/2020,London,8851
04/11/2020,East of England,1044
03/11/2020,East of England,1144
02/11/2020,East of England,1375
01/11/2020,East of England,633
31/10/2020,East of England,724
30/10/2020,East of England,994
29/10/2020,East of England,972
28/10/2020,East of England,1019
27/10/2020,East of England,937
26/10/2020,East of England,1145
25/10/2020,East of England,569
24/10/2020,East of England,599
23/10/2020,East of England,991
22/10/2020,East of England,996
21/10/2020,East of England,1044
20/10/2020,East of England,1093
19/10/2020,East of England,1036
18/10/2020,East of England,584
17/10/2020,East of England,509
16/10/2020,East of England,656
15/10/2020,East of England,845
14/10/2020,East of England,678
13/10/2020,East of England,731
12/10/2020,East of England,703
11/10/2020,East of England,378
10/10/2020,East of England,330
09/10/2020,East of England,564
08/10/2020,East of England,578
07/10/2020,East of England,539
06/10/2020,East of England,564
05/10/2020,East of England,530
04/10/2020,East of England,359
03/10/2020,East of England,359
02/10/2020,East of England,412
01/10/2020,East of England,359
30/09/2020,East of England,359
29/09/2020,East of England,332
28/09/2020,East of England,312
27/09/2020,East of England,208
26/09/2020,East of England,165
25/09/2020,East of England,216
24/09/2020,East of England,226
23/09/2020,East of England,193
22/09/2020,East of England,215
21/09/2020,East of England,166
20/09/2020,East of England,163
28/12/2020,Yorkshire and The Humber,259
19/09/2020,East of England,146
18/09/2020,East of England,206
17/09/2020,East of England,145
16/09/2020,East of England,142
15/09/2020,East of England,150
14/09/2020,East of England,142
13/09/2020,East of England,57
12/09/2020,East of England,83
27/12/2020,Yorkshire and The Humber,1631
11/09/2020,East of England,129
26/12/2020,Yorkshire and The Humber,1575
10/09/2020,East of England,164
25/12/2020,Yorkshire and The Humber,562
24/12/2020,Yorkshire and The Humber,1188
23/12/2020,Yorkshire and The Humber,1590
22/12/2020,Yorkshire and The Humber,1844
09/09/2020,East of England,127
21/12/2020,Yorkshire and The Humber,1970
08/09/2020,East of England,167
20/12/2020,Yorkshire and The Humber,1414
07/09/2020,East of England,154
19/12/2020,Yorkshire and The Humber,1016
18/12/2020,Yorkshire and The Humber,1450
06/09/2020,East of England,79
17/12/2020,Yorkshire and The Humber,1172
05/09/2020,East of England,97
16/12/2020,Yorkshire and The Humber,1224
04/09/2020,East of England,119
03/09/2020,East of England,152
15/12/2020,Yorkshire and The Humber,1490
02/09/2020,East of England,171
14/12/2020,Yorkshire and The Humber,1719
13/12/2020,Yorkshire and The Humber,1029
12/12/2020,Yorkshire and The Humber,948
11/12/2020,Yorkshire and The Humber,1231
10/12/2020,Yorkshire and The Humber,1219
01/09/2020,East of England,124
09/12/2020,Yorkshire and The Humber,1338
31/08/2020,East of England,101
08/12/2020,Yorkshire and The Humber,1343
07/12/2020,Yorkshire and The Humber,1405
30/08/2020,East of England,87
29/08/2020,East of England,80
28/08/2020,East of England,102
27/08/2020,East of England,121
26/08/2020,East of England,93
06/12/2020,Yorkshire and The Humber,864
05/12/2020,Yorkshire and The Humber,878
25/08/2020,East of England,100
04/12/2020,Yorkshire and The Humber,1050
24/08/2020,East of England,102
23/08/2020,East of England,52
22/08/2020,East of England,50
21/08/2020,East of England,63
20/08/2020,East of England,82
19/08/2020,East of England,63
03/12/2020,Yorkshire and The Humber,1153
02/12/2020,Yorkshire and The Humber,1338
18/08/2020,East of England,59
17/08/2020,East of England,63
16/08/2020,East of England,27
15/08/2020,East of England,31
01/12/2020,Yorkshire and The Humber,1485
14/08/2020,East of England,67
13/08/2020,East of England,61
12/08/2020,East of England,66
11/08/2020,East of England,47
10/08/2020,East of England,67
30/11/2020,Yorkshire and The Humber,1705
29/11/2020,Yorkshire and The Humber,1038
09/08/2020,East of England,23
08/08/2020,East of England,44
07/08/2020,East of England,68
06/08/2020,East of England,45
05/08/2020,East of England,53
28/11/2020,Yorkshire and The Humber,1092
04/08/2020,East of England,56
27/11/2020,Yorkshire and The Humber,1310
26/11/2020,Yorkshire and The Humber,1394
03/08/2020,East of England,68
02/08/2020,East of England,36
01/08/2020,East of England,22
25/11/2020,Yorkshire and The Humber,1610
24/11/2020,Yorkshire and The Humber,1762
23/11/2020,Yorkshire and The Humber,2059
22/11/2020,Yorkshire and The Humber,1350
31/07/2020,East of England,31
21/11/2020,Yorkshire and The Humber,1366
20/11/2020,Yorkshire and The Humber,1937
19/11/2020,Yorkshire and The Humber,2089
30/07/2020,East of England,52
29/07/2020,East of England,66
28/07/2020,East of England,56
27/07/2020,East of England,65
18/11/2020,Yorkshire and The Humber,2581
26/07/2020,East of England,26
25/07/2020,East of England,28
24/07/2020,East of England,79
23/07/2020,East of England,50
17/11/2020,Yorkshire and The Humber,3057
22/07/2020,East of England,54
16/11/2020,Yorkshire and The Humber,3278
15/11/2020,Yorkshire and The Humber,2094
14/11/2020,Yorkshire and The Humber,2502
21/07/2020,East of England,66
13/11/2020,Yorkshire and The Humber,3076
20/07/2020,East of England,81
12/11/2020,Yorkshire and The Humber,3199
11/11/2020,Yorkshire and The Humber,3703
10/11/2020,Yorkshire and The Humber,3771
09/11/2020,Yorkshire and The Humber,4490
08/11/2020,Yorkshire and The Humber,2893
07/11/2020,Yorkshire and The Humber,2833
06/11/2020,Yorkshire and The Humber,3634
19/07/2020,East of England,21
05/11/2020,Yorkshire and The Humber,3586
04/11/2020,Yorkshire and The Humber,3504
03/11/2020,Yorkshire and The Humber,3947
02/11/2020,Yorkshire and The Humber,4667
01/11/2020,Yorkshire and The Humber,2820
31/10/2020,Yorkshire and The Humber,2628
30/10/2020,Yorkshire and The Humber,3465
18/07/2020,East of England,29
17/07/2020,East of England,51
16/07/2020,East of England,61
15/07/2020,East of England,55
29/10/2020,Yorkshire and The Humber,3456
28/10/2020,Yorkshire and The Humber,3579
14/07/2020,East of England,81
13/07/2020,East of England,64
27/10/2020,Yorkshire and The Humber,3579
12/07/2020,East of England,35
26/10/2020,Yorkshire and The Humber,3849
11/07/2020,East of England,42
10/07/2020,East of England,49
25/10/2020,Yorkshire and The Humber,2150
24/10/2020,Yorkshire and The Humber,2250
23/10/2020,Yorkshire and The Humber,2978
22/10/2020,Yorkshire and The Humber,3300
21/10/2020,Yorkshire and The Humber,3491
20/10/2020,Yorkshire and The Humber,3565
09/07/2020,East of England,54
19/10/2020,Yorkshire and The Humber,3825
18/10/2020,Yorkshire and The Humber,2217
17/10/2020,Yorkshire and The Humber,2367
16/10/2020,Yorkshire and The Humber,2433
15/10/2020,Yorkshire and The Humber,2488
14/10/2020,Yorkshire and The Humber,2773
13/10/2020,Yorkshire and The Humber,2530
12/10/2020,Yorkshire and The Humber,2744
11/10/2020,Yorkshire and The Humber,1622
10/10/2020,Yorkshire and The Humber,1916
08/07/2020,East of England,77
09/10/2020,Yorkshire and The Humber,1869
08/10/2020,Yorkshire and The Humber,2425
07/07/2020,East of England,39
06/07/2020,East of England,56
05/07/2020,East of England,36
04/07/2020,East of England,42
07/10/2020,Yorkshire and The Humber,2657
06/10/2020,Yorkshire and The Humber,2415
05/10/2020,Yorkshire and The Humber,2267
03/07/2020,East of England,60
04/10/2020,Yorkshire and The Humber,1677
02/07/2020,East of England,63
01/07/2020,East of England,40
03/10/2020,Yorkshire and The Humber,1658
30/06/2020,East of England,34
29/06/2020,East of England,49
02/10/2020,Yorkshire and The Humber,2205
28/06/2020,East of England,25
01/10/2020,Yorkshire and The Humber,2134
27/06/2020,East of England,20
30/09/2020,Yorkshire and The Humber,1787
26/06/2020,East of England,59
29/09/2020,Yorkshire and The Humber,1383
25/06/2020,East of England,39
24/06/2020,East of England,60
23/06/2020,East of England,44
22/06/2020,East of England,74
28/09/2020,Yorkshire and The Humber,1450
21/06/2020,East of England,57
20/06/2020,East of England,31
19/06/2020,East of England,74
27/09/2020,Yorkshire and The Humber,1024
18/06/2020,East of England,83
17/06/2020,East of England,77
26/09/2020,Yorkshire and The Humber,823
25/09/2020,Yorkshire and The Humber,800
24/09/2020,Yorkshire and The Humber,922
23/09/2020,Yorkshire and The Humber,728
22/09/2020,Yorkshire and The Humber,714
21/09/2020,Yorkshire and The Humber,616
20/09/2020,Yorkshire and The Humber,665
19/09/2020,Yorkshire and The Humber,559
18/09/2020,Yorkshire and The Humber,557
17/09/2020,Yorkshire and The Humber,569
16/09/2020,Yorkshire and The Humber,545
15/09/2020,Yorkshire and The Humber,419
14/09/2020,Yorkshire and The Humber,387
16/06/2020,East of England,108
15/06/2020,East of England,113
14/06/2020,East of England,73
13/06/2020,East of England,89
12/06/2020,East of England,65
11/06/2020,East of England,70
10/06/2020,East of England,118
09/06/2020,East of England,130
08/06/2020,East of England,94
07/06/2020,East of England,46
06/06/2020,East of England,93
05/06/2020,East of England,110
04/06/2020,East of England,93
13/09/2020,Yorkshire and The Humber,297
03/06/2020,East of England,123
12/09/2020,Yorkshire and The Humber,313
11/09/2020,Yorkshire and The Humber,384
10/09/2020,Yorkshire and The Humber,461
09/09/2020,Yorkshire and The Humber,393
08/09/2020,Yorkshire and The Humber,381
07/09/2020,Yorkshire and The Humber,524
06/09/2020,Yorkshire and The Humber,305
02/06/2020,East of England,130
01/06/2020,East of England,138
05/09/2020,Yorkshire and The Humber,312
31/05/2020,East of England,61
04/09/2020,Yorkshire and The Humber,302
30/05/2020,East of England,83
29/05/2020,East of England,160
03/09/2020,Yorkshire and The Humber,335
02/09/2020,Yorkshire and The Humber,373
01/09/2020,Yorkshire and The Humber,263
31/08/2020,Yorkshire and The Humber,192
28/05/2020,East of England,163
27/05/2020,East of England,150
26/05/2020,East of England,149
25/05/2020,East of England,147
24/05/2020,East of England,103
30/08/2020,Yorkshire and The Humber,143
29/08/2020,Yorkshire and The Humber,170
28/08/2020,Yorkshire and The Humber,161
27/08/2020,Yorkshire and The Humber,192
26/08/2020,Yorkshire and The Humber,119
23/05/2020,East of England,150
22/05/2020,East of England,190
25/08/2020,Yorkshire and The Humber,135
24/08/2020,Yorkshire and The Humber,150
21/05/2020,East of England,246
23/08/2020,Yorkshire and The Humber,93
20/05/2020,East of England,243
19/05/2020,East of England,255
18/05/2020,East of England,283
17/05/2020,East of England,154
16/05/2020,East of England,174
15/05/2020,East of England,210
22/08/2020,Yorkshire and The Humber,89
21/08/2020,Yorkshire and The Humber,129
14/05/2020,East of England,217
13/05/2020,East of England,330
12/05/2020,East of England,315
20/08/2020,Yorkshire and The Humber,165
19/08/2020,Yorkshire and The Humber,140
11/05/2020,East of England,391
18/08/2020,Yorkshire and The Humber,122
17/08/2020,Yorkshire and The Humber,126
16/08/2020,Yorkshire and The Humber,79
15/08/2020,Yorkshire and The Humber,108
14/08/2020,Yorkshire and The Humber,161
13/08/2020,Yorkshire and The Humber,179
10/05/2020,East of England,209
09/05/2020,East of England,203
08/05/2020,East of England,229
07/05/2020,East of England,396
12/08/2020,Yorkshire and The Humber,171
06/05/2020,East of England,388
11/08/2020,Yorkshire and The Humber,185
10/08/2020,Yorkshire and The Humber,221
09/08/2020,Yorkshire and The Humber,97
08/08/2020,Yorkshire and The Humber,104
07/08/2020,Yorkshire and The Humber,120
06/08/2020,Yorkshire and The Humber,177
05/05/2020,East of England,330
05/08/2020,Yorkshire and The Humber,157
04/05/2020,East of England,391
04/08/2020,Yorkshire and The Humber,146
03/05/2020,East of England,317
03/08/2020,Yorkshire and The Humber,144
02/05/2020,East of England,302
02/08/2020,Yorkshire and The Humber,85
01/08/2020,Yorkshire and The Humber,81
31/07/2020,Yorkshire and The Humber,99
30/07/2020,Yorkshire and The Humber,140
01/05/2020,East of England,493
30/04/2020,East of England,424
29/04/2020,East of England,475
28/04/2020,East of England,463
27/04/2020,East of England,511
26/04/2020,East of England,358
29/07/2020,Yorkshire and The Humber,163
28/07/2020,Yorkshire and The Humber,150
27/07/2020,Yorkshire and The Humber,143
25/04/2020,East of England,377
24/04/2020,East of England,423
28/12/2020,South East,264
23/04/2020,East of England,476
27/12/2020,South East,4456
26/12/2020,South East,6429
26/07/2020,Yorkshire and The Humber,91
22/04/2020,East of England,522
25/07/2020,Yorkshire and The Humber,88
24/07/2020,Yorkshire and The Humber,108
21/04/2020,East of England,406
25/12/2020,South East,2247
23/07/2020,Yorkshire and The Humber,106
24/12/2020,South East,5301
23/12/2020,South East,6724
22/12/2020,South East,8249
21/12/2020,South East,8791
20/12/2020,South East,5963
22/07/2020,Yorkshire and The Humber,103
19/12/2020,South East,3959
21/07/2020,Yorkshire and The Humber,100
20/07/2020,Yorkshire and The Humber,115
18/12/2020,South East,6234
19/07/2020,Yorkshire and The Humber,101
17/12/2020,South East,5908
18/07/2020,Yorkshire and The Humber,97
16/12/2020,South East,6018
17/07/2020,Yorkshire and The Humber,100
15/12/2020,South East,6033
14/12/2020,South East,5988
13/12/2020,South East,3684
20/04/2020,East of England,362
12/12/2020,South East,3284
16/07/2020,Yorkshire and The Humber,86
11/12/2020,South East,4074
10/12/2020,South East,3583
09/12/2020,South East,3234
08/12/2020,South East,3138
19/04/2020,East of England,317
15/07/2020,Yorkshire and The Humber,119
07/12/2020,South East,3286
06/12/2020,South East,2028
05/12/2020,South East,1883
18/04/2020,East of England,329
04/12/2020,South East,2332
14/07/2020,Yorkshire and The Humber,133
03/12/2020,South East,2286
02/12/2020,South East,2276
01/12/2020,South East,2279
30/11/2020,South East,2409
29/11/2020,South East,1464
28/11/2020,South East,1457
27/11/2020,South East,2055
26/11/2020,South East,1756
25/11/2020,South East,2043
24/11/2020,South East,1967
23/11/2020,South East,2381
22/11/2020,South East,1290
21/11/2020,South East,1471
20/11/2020,South East,1886
13/07/2020,Yorkshire and The Humber,135
12/07/2020,Yorkshire and The Humber,98
17/04/2020,East of England,365
11/07/2020,Yorkshire and The Humber,86
19/11/2020,South East,1890
16/04/2020,East of England,337
15/04/2020,East of England,295
18/11/2020,South East,2258
10/07/2020,Yorkshire and The Humber,92
17/11/2020,South East,2282
09/07/2020,Yorkshire and The Humber,97
16/11/2020,South East,2994
15/11/2020,South East,1686
08/07/2020,Yorkshire and The Humber,126
14/11/2020,South East,1804
13/11/2020,South East,2727
12/11/2020,South East,2618
11/11/2020,South East,2715
10/11/2020,South East,2599
09/11/2020,South East,2987
08/11/2020,South East,1953
07/11/2020,South East,1712
14/04/2020,East of England,289
06/11/2020,South East,1920
07/07/2020,Yorkshire and The Humber,103
05/11/2020,South East,1917
06/07/2020,Yorkshire and The Humber,120
04/11/2020,South East,1938
03/11/2020,South East,1964
02/11/2020,South East,2519
01/11/2020,South East,1008
05/07/2020,Yorkshire and The Humber,90
04/07/2020,Yorkshire and The Humber,78
13/04/2020,East of England,292
12/04/2020,East of England,260
03/07/2020,Yorkshire and The Humber,106
02/07/2020,Yorkshire and The Humber,104
01/07/2020,Yorkshire and The Humber,131
31/10/2020,South East,1209
30/10/2020,South East,1692
30/06/2020,Yorkshire and The Humber,112
29/10/2020,South East,1704
28/10/2020,South East,1627
11/04/2020,East of England,271
10/04/2020,East of England,320
27/10/2020,South East,1700
09/04/2020,East of England,326
26/10/2020,South East,1856
29/06/2020,Yorkshire and The Humber,133
25/10/2020,South East,972
24/10/2020,South East,1095
08/04/2020,East of England,409
23/10/2020,South East,1428
22/10/2020,South East,1444
21/10/2020,South East,1643
20/10/2020,South East,1595
19/10/2020,South East,1402
18/10/2020,South East,758
17/10/2020,South East,794
07/04/2020,East of England,389
06/04/2020,East of England,385
28/06/2020,Yorkshire and The Humber,98
27/06/2020,Yorkshire and The Humber,148
26/06/2020,Yorkshire and The Humber,152
16/10/2020,South East,955
15/10/2020,South East,972
25/06/2020,Yorkshire and The Humber,143
14/10/2020,South East,1075
24/06/2020,Yorkshire and The Humber,156
23/06/2020,Yorkshire and The Humber,172
22/06/2020,Yorkshire and The Humber,156
21/06/2020,Yorkshire and The Humber,116
20/06/2020,Yorkshire and The Humber,163
19/06/2020,Yorkshire and The Humber,203
18/06/2020,Yorkshire and The Humber,258
17/06/2020,Yorkshire and The Humber,230
13/10/2020,South East,1022
05/04/2020,East of England,282
04/04/2020,East of England,269
03/04/2020,East of England,353
02/04/2020,East of England,372
01/04/2020,East of England,333
16/06/2020,Yorkshire and The Humber,216
31/03/2020,East of England,322
30/03/2020,East of England,300
29/03/2020,East of England,209
28/03/2020,East of England,183
12/10/2020,South East,865
11/10/2020,South East,484
10/10/2020,South East,560
09/10/2020,South East,776
27/03/2020,East of England,243
26/03/2020,East of England,215
08/10/2020,South East,965
07/10/2020,South East,907
06/10/2020,South East,679
05/10/2020,South East,744
04/10/2020,South East,560
03/10/2020,South East,543
02/10/2020,South East,631
15/06/2020,Yorkshire and The Humber,189
25/03/2020,East of England,188
24/03/2020,East of England,165
23/03/2020,East of England,194
22/03/2020,East of England,90
14/06/2020,Yorkshire and The Humber,159
13/06/2020,Yorkshire and The Humber,193
12/06/2020,Yorkshire and The Humber,246
11/06/2020,Yorkshire and The Humber,197
10/06/2020,Yorkshire and The Humber,226
09/06/2020,Yorkshire and The Humber,173
08/06/2020,Yorkshire and The Humber,187
07/06/2020,Yorkshire and The Humber,150
21/03/2020,East of England,78
20/03/2020,East of England,70
19/03/2020,East of England,57
18/03/2020,East of England,74
17/03/2020,East of England,38
06/06/2020,Yorkshire and The Humber,121
05/06/2020,Yorkshire and The Humber,156
16/03/2020,East of England,24
04/06/2020,Yorkshire and The Humber,179
01/10/2020,South East,517
03/06/2020,Yorkshire and The Humber,206
15/03/2020,East of England,35
30/09/2020,South East,488
29/09/2020,South East,350
02/06/2020,Yorkshire and The Humber,197
28/09/2020,South East,371
27/09/2020,South East,265
01/06/2020,Yorkshire and The Humber,191
31/05/2020,Yorkshire and The Humber,177
26/09/2020,South East,216
25/09/2020,South East,311
24/09/2020,South East,289
30/05/2020,Yorkshire and The Humber,164
23/09/2020,South East,254
22/09/2020,South East,263
29/05/2020,Yorkshire and The Humber,199
14/03/2020,East of England,16
21/09/2020,South East,226
28/05/2020,Yorkshire and The Humber,274
20/09/2020,South East,175
13/03/2020,East of England,37
27/05/2020,Yorkshire and The Humber,254
19/09/2020,South East,173
26/05/2020,Yorkshire and The Humber,232
12/03/2020,East of England,18
25/05/2020,Yorkshire and The Humber,254
24/05/2020,Yorkshire and The Humber,204
18/09/2020,South East,193
23/05/2020,Yorkshire and The Humber,235
17/09/2020,South East,163
16/09/2020,South East,147
15/09/2020,South East,137
14/09/2020,South East,148
13/09/2020,South East,63
12/09/2020,South East,136
11/09/2020,South East,158
10/09/2020,South East,214
09/09/2020,South East,167
08/09/2020,South East,186
07/09/2020,South East,205
06/09/2020,South East,180
05/09/2020,South East,158
04/09/2020,South East,226
03/09/2020,South East,225
02/09/2020,South East,198
01/09/2020,South East,124
31/08/2020,South East,117
30/08/2020,South East,101
28/12/2020,South West,192
29/08/2020,South East,104
27/12/2020,South West,1861
28/08/2020,South East,116
26/12/2020,South West,1780
22/05/2020,Yorkshire and The Humber,267
25/12/2020,South West,553
21/05/2020,Yorkshire and The Humber,383
24/12/2020,South West,1097
20/05/2020,Yorkshire and The Humber,295
23/12/2020,South West,1745
19/05/2020,Yorkshire and The Humber,388
22/12/2020,South West,1782
18/05/2020,Yorkshire and The Humber,261
21/12/2020,South West,1940
17/05/2020,Yorkshire and The Humber,244
20/12/2020,South West,1265
16/05/2020,Yorkshire and The Humber,259
19/12/2020,South West,776
15/05/2020,Yorkshire and The Humber,337
18/12/2020,South West,1243
17/12/2020,South West,1115
14/05/2020,Yorkshire and The Humber,355
13/05/2020,Yorkshire and The Humber,405
16/12/2020,South West,1327
12/05/2020,Yorkshire and The Humber,375
15/12/2020,South West,1223
11/05/2020,Yorkshire and The Humber,425
14/12/2020,South West,1262
10/05/2020,Yorkshire and The Humber,296
09/05/2020,Yorkshire and The Humber,245
27/08/2020,South East,127
11/03/2020,East of England,14
26/08/2020,South East,115
10/03/2020,East of England,16
25/08/2020,South East,90
24/08/2020,South East,95
23/08/2020,South East,84
22/08/2020,South East,78
21/08/2020,South East,110
09/03/2020,East of England,5
20/08/2020,South East,130
08/03/2020,East of England,2
07/03/2020,East of England,3
19/08/2020,South East,115
18/08/2020,South East,77
17/08/2020,South East,109
06/03/2020,East of England,5
16/08/2020,South East,36
15/08/2020,South East,45
14/08/2020,South East,95
13/08/2020,South East,76
05/03/2020,East of England,1
04/03/2020,East of England,7
12/08/2020,South East,83
03/03/2020,East of England,7
11/08/2020,South East,77
02/03/2020,East of England,0
01/03/2020,East of England,1
29/02/2020,East of England,0
28/02/2020,East of England,2
27/02/2020,East of England,1
26/02/2020,East of England,1
13/12/2020,South West,815
12/12/2020,South West,664
11/12/2020,South West,812
08/05/2020,Yorkshire and The Humber,352
10/12/2020,South West,869
07/05/2020,Yorkshire and The Humber,459
10/08/2020,South East,112
09/12/2020,South West,816
09/08/2020,South East,29
06/05/2020,Yorkshire and The Humber,413
08/08/2020,South East,31
08/12/2020,South West,842
07/08/2020,South East,56
07/12/2020,South West,780
05/05/2020,Yorkshire and The Humber,440
06/08/2020,South East,61
05/08/2020,South East,66
06/12/2020,South West,504
04/05/2020,Yorkshire and The Humber,351
04/08/2020,South East,66
03/08/2020,South East,77
05/12/2020,South West,514
03/05/2020,Yorkshire and The Humber,384
02/08/2020,South East,21
01/08/2020,South East,29
04/12/2020,South West,591
02/05/2020,Yorkshire and The Humber,385
31/07/2020,South East,41
30/07/2020,South East,63
03/12/2020,South West,670
29/07/2020,South East,80
01/05/2020,Yorkshire and The Humber,621
28/07/2020,South East,63
02/12/2020,South West,650
27/07/2020,South East,85
30/04/2020,Yorkshire and The Humber,578
26/07/2020,South East,37
01/12/2020,South West,732
25/07/2020,South East,47
24/07/2020,South East,63
29/04/2020,Yorkshire and The Humber,713
23/07/2020,South East,76
30/11/2020,South West,799
22/07/2020,South East,77
28/04/2020,Yorkshire and The Humber,486
27/04/2020,Yorkshire and The Humber,510
26/04/2020,Yorkshire and The Humber,423
25/04/2020,Yorkshire and The Humber,414
24/04/2020,Yorkshire and The Humber,592
23/04/2020,Yorkshire and The Humber,450
22/04/2020,Yorkshire and The Humber,564
21/04/2020,Yorkshire and The Humber,350
20/04/2020,Yorkshire and The Humber,401
19/04/2020,Yorkshire and The Humber,417
18/04/2020,Yorkshire and The Humber,364
17/04/2020,Yorkshire and The Humber,351
16/04/2020,Yorkshire and The Humber,374
15/04/2020,Yorkshire and The Humber,473
14/04/2020,Yorkshire and The Humber,314
21/07/2020,South East,77
13/04/2020,Yorkshire and The Humber,326
29/11/2020,South West,501
28/11/2020,South West,504
27/11/2020,South West,699
26/11/2020,South West,764
20/07/2020,South East,87
25/11/2020,South West,848
24/11/2020,South West,824
23/11/2020,South West,999
22/11/2020,South West,572
12/04/2020,Yorkshire and The Humber,269
11/04/2020,Yorkshire and The Humber,261
21/11/2020,South West,693
10/04/2020,Yorkshire and The Humber,299
20/11/2020,South West,898
19/11/2020,South West,990
09/04/2020,Yorkshire and The Humber,304
08/04/2020,Yorkshire and The Humber,318
18/11/2020,South West,1176
07/04/2020,Yorkshire and The Humber,336
17/11/2020,South West,1296
16/11/2020,South West,1733
15/11/2020,South West,1059
14/11/2020,South West,1256
06/04/2020,Yorkshire and The Humber,321
05/04/2020,Yorkshire and The Humber,216
04/04/2020,Yorkshire and The Humber,202
03/04/2020,Yorkshire and The Humber,293
02/04/2020,Yorkshire and The Humber,243
01/04/2020,Yorkshire and The Humber,297
13/11/2020,South West,1713
12/11/2020,South West,1559
11/11/2020,South West,1592
19/07/2020,South East,46
18/07/2020,South East,54
31/03/2020,Yorkshire and The Humber,319
30/03/2020,Yorkshire and The Humber,285
29/03/2020,Yorkshire and The Humber,228
28/03/2020,Yorkshire and The Humber,208
27/03/2020,Yorkshire and The Humber,153
26/03/2020,Yorkshire and The Humber,177
25/03/2020,Yorkshire and The Humber,151
24/03/2020,Yorkshire and The Humber,157
23/03/2020,Yorkshire and The Humber,144
22/03/2020,Yorkshire and The Humber,95
21/03/2020,Yorkshire and The Humber,77
17/07/2020,South East,50
20/03/2020,Yorkshire and The Humber,59
10/11/2020,South West,1774
19/03/2020,Yorkshire and The Humber,55
09/11/2020,South West,1903
18/03/2020,Yorkshire and The Humber,47
17/03/2020,Yorkshire and The Humber,31
08/11/2020,South West,1292
07/11/2020,South West,1165
16/03/2020,Yorkshire and The Humber,28
15/03/2020,Yorkshire and The Humber,10
14/03/2020,Yorkshire and The Humber,12
13/03/2020,Yorkshire and The Humber,12
12/03/2020,Yorkshire and The Humber,14
11/03/2020,Yorkshire and The Humber,10
10/03/2020,Yorkshire and The Humber,18
09/03/2020,Yorkshire and The Humber,7
16/07/2020,South East,63
15/07/2020,South East,63
14/07/2020,South East,60
13/07/2020,South East,69
08/03/2020,Yorkshire and The Humber,3
07/03/2020,Yorkshire and The Humber,5
06/03/2020,Yorkshire and The Humber,1
06/11/2020,South West,1481
12/07/2020,South East,31
05/03/2020,Yorkshire and The Humber,2
04/03/2020,Yorkshire and The Humber,2
03/03/2020,Yorkshire and The Humber,4
02/03/2020,Yorkshire and The Humber,3
01/03/2020,Yorkshire and The Humber,2
29/02/2020,Yorkshire and The Humber,0
28/02/2020,Yorkshire and The Humber,2
27/02/2020,Yorkshire and The Humber,1
26/02/2020,Yorkshire and The Humber,0
25/02/2020,Yorkshire and The Humber,0
24/02/2020,Yorkshire and The Humber,0
23/02/2020,Yorkshire and The Humber,0
22/02/2020,Yorkshire and The Humber,0
21/02/2020,Yorkshire and The Humber,0
20/02/2020,Yorkshire and The Humber,0
19/02/2020,Yorkshire and The Humber,0
18/02/2020,Yorkshire and The Humber,0
17/02/2020,Yorkshire and The Humber,0
16/02/2020,Yorkshire and The Humber,0
15/02/2020,Yorkshire and The Humber,0
05/11/2020,South West,1556
11/07/2020,South East,34
04/11/2020,South West,1604
10/07/2020,South East,77
28/12/2020,West Midlands,117
27/12/2020,West Midlands,2669
14/02/2020,Yorkshire and The Humber,0
13/02/2020,Yorkshire and The Humber,0
03/11/2020,South West,1535
02/11/2020,South West,1788
09/07/2020,South East,85
08/07/2020,South East,82
12/02/2020,Yorkshire and The Humber,0
11/02/2020,Yorkshire and The Humber,0
01/11/2020,South West,713
10/02/2020,Yorkshire and The Humber,0
09/02/2020,Yorkshire and The Humber,0
08/02/2020,Yorkshire and The Humber,0
07/02/2020,Yorkshire and The Humber,0
06/02/2020,Yorkshire and The Humber,0
05/02/2020,Yorkshire and The Humber,0
04/02/2020,Yorkshire and The Humber,0
31/10/2020,South West,851
03/02/2020,Yorkshire and The Humber,0
26/12/2020,West Midlands,2499
02/02/2020,Yorkshire and The Humber,0
25/12/2020,West Midlands,978
01/02/2020,Yorkshire and The Humber,0
31/01/2020,Yorkshire and The Humber,0
07/07/2020,South East,55
24/12/2020,West Midlands,1951
06/07/2020,South East,44
05/07/2020,South East,58
23/12/2020,West Midlands,2657
22/12/2020,West Midlands,2778
21/12/2020,West Midlands,2950
30/10/2020,South West,1242
20/12/2020,West Midlands,2211
30/01/2020,Yorkshire and The Humber,1
29/10/2020,South West,1410
04/07/2020,South East,29
03/07/2020,South East,64
02/07/2020,South East,60
01/07/2020,South East,68
30/06/2020,South East,57
29/06/2020,South East,80
28/06/2020,South East,45
27/06/2020,South East,54
26/06/2020,South East,65
25/06/2020,South East,63
24/06/2020,South East,44
23/06/2020,South East,59
22/06/2020,South East,77
21/06/2020,South East,66
20/06/2020,South East,65
19/06/2020,South East,79
18/06/2020,South East,75
17/06/2020,South East,82
16/06/2020,South East,98
15/06/2020,South East,97
28/10/2020,South West,1372
19/12/2020,West Midlands,1605
27/10/2020,South West,1420
18/12/2020,West Midlands,2075
26/10/2020,South West,1336
17/12/2020,West Midlands,2117
25/10/2020,South West,903
24/10/2020,South West,787
23/10/2020,South West,1136
22/10/2020,South West,1278
14/06/2020,South East,71
16/12/2020,West Midlands,2062
15/12/2020,West Midlands,2238
14/12/2020,West Midlands,2379
13/12/2020,West Midlands,1322
12/12/2020,West Midlands,1339
11/12/2020,West Midlands,1744
10/12/2020,West Midlands,1679
09/12/2020,West Midlands,1655
13/06/2020,South East,66
12/06/2020,South East,85
08/12/2020,West Midlands,1719
07/12/2020,West Midlands,1734
06/12/2020,West Midlands,1129
05/12/2020,West Midlands,1106
04/12/2020,West Midlands,1390
03/12/2020,West Midlands,1348
11/06/2020,South East,93
02/12/2020,West Midlands,1469
01/12/2020,West Midlands,1529
21/10/2020,South West,1359
30/11/2020,West Midlands,1699
20/10/2020,South West,1137
29/11/2020,West Midlands,1120
19/10/2020,South West,1125
18/10/2020,South West,586
17/10/2020,South West,643
28/11/2020,West Midlands,1135
16/10/2020,South West,780
27/11/2020,West Midlands,1562
15/10/2020,South West,672
26/11/2020,West Midlands,1695
25/11/2020,West Midlands,1912
24/11/2020,West Midlands,2023
23/11/2020,West Midlands,2242
22/11/2020,West Midlands,1472
14/10/2020,South West,853
10/06/2020,South East,125
13/10/2020,South West,949
12/10/2020,South West,745
11/10/2020,South West,478
10/10/2020,South West,562
09/10/2020,South West,759
08/10/2020,South West,839
21/11/2020,West Midlands,1589
20/11/2020,West Midlands,2303
19/11/2020,West Midlands,2372
07/10/2020,South West,794
06/10/2020,South West,646
05/10/2020,South West,647
04/10/2020,South West,429
09/06/2020,South East,114
08/06/2020,South East,121
07/06/2020,South East,61
06/06/2020,South East,85
05/06/2020,South East,140
18/11/2020,West Midlands,2609
03/10/2020,South West,396
02/10/2020,South West,416
04/06/2020,South East,158
03/06/2020,South East,136
02/06/2020,South East,218
01/06/2020,South East,184
31/05/2020,South East,134
30/05/2020,South East,132
29/05/2020,South East,163
28/05/2020,South East,202
27/05/2020,South East,202
26/05/2020,South East,182
17/11/2020,West Midlands,3030
16/11/2020,West Midlands,3386
15/11/2020,West Midlands,2027
14/11/2020,West Midlands,2360
13/11/2020,West Midlands,3044
12/11/2020,West Midlands,3098
11/11/2020,West Midlands,3535
25/05/2020,South East,187
24/05/2020,South East,150
23/05/2020,South East,121
22/05/2020,South East,247
01/10/2020,South West,391
30/09/2020,South West,394
29/09/2020,South West,268
28/09/2020,South West,318
27/09/2020,South West,118
26/09/2020,South West,130
25/09/2020,South West,217
24/09/2020,South West,207
23/09/2020,South West,171
21/05/2020,South East,303
20/05/2020,South East,340
19/05/2020,South East,386
10/11/2020,West Midlands,3641
18/05/2020,South East,359
09/11/2020,West Midlands,3929
08/11/2020,West Midlands,2448
07/11/2020,West Midlands,2268
06/11/2020,West Midlands,2795
05/11/2020,West Midlands,2833
17/05/2020,South East,222
16/05/2020,South East,191
15/05/2020,South East,263
22/09/2020,South West,150
21/09/2020,South West,150
20/09/2020,South West,143
19/09/2020,South West,126
14/05/2020,South East,295
18/09/2020,South West,124
17/09/2020,South West,107
16/09/2020,South West,74
15/09/2020,South West,86
04/11/2020,West Midlands,2741
03/11/2020,West Midlands,3102
02/11/2020,West Midlands,3644
01/11/2020,West Midlands,1614
31/10/2020,West Midlands,1939
30/10/2020,West Midlands,2590
29/10/2020,West Midlands,2487
13/05/2020,South East,484
14/09/2020,South West,77
28/10/2020,West Midlands,2541
27/10/2020,West Midlands,2426
12/05/2020,South East,411
11/05/2020,South East,477
10/05/2020,South East,308
26/10/2020,West Midlands,2634
25/10/2020,West Midlands,1588
24/10/2020,West Midlands,1545
09/05/2020,South East,247
08/05/2020,South East,352
13/09/2020,South West,55
23/10/2020,West Midlands,2034
07/05/2020,South East,420
06/05/2020,South East,444
05/05/2020,South East,474
04/05/2020,South East,488
03/05/2020,South East,363
02/05/2020,South East,417
01/05/2020,South East,523
30/04/2020,South East,650
29/04/2020,South East,690
28/04/2020,South East,659
12/09/2020,South West,63
27/04/2020,South East,555
26/04/2020,South East,501
25/04/2020,South East,517
24/04/2020,South East,657
23/04/2020,South East,680
22/04/2020,South East,693
22/10/2020,West Midlands,2111
21/04/2020,South East,632
21/10/2020,West Midlands,2227
20/04/2020,South East,490
19/04/2020,South East,414
18/04/2020,South East,523
17/04/2020,South East,706
16/04/2020,South East,656
11/09/2020,South West,94
20/10/2020,West Midlands,2272
19/10/2020,West Midlands,2203
18/10/2020,West Midlands,1186
17/10/2020,West Midlands,1234
16/10/2020,West Midlands,1618
15/10/2020,West Midlands,1586
14/10/2020,West Midlands,1573
13/10/2020,West Midlands,1489
12/10/2020,West Midlands,1498
11/10/2020,West Midlands,916
10/10/2020,West Midlands,920
15/04/2020,South East,712
14/04/2020,South East,554
13/04/2020,South East,576
12/04/2020,South East,484
10/09/2020,South West,84
09/09/2020,South West,75
08/09/2020,South West,75
07/09/2020,South West,97
06/09/2020,South West,73
05/09/2020,South West,83
04/09/2020,South West,132
09/10/2020,West Midlands,1190
08/10/2020,West Midlands,1265
11/04/2020,South East,381
10/04/2020,South East,576
09/04/2020,South East,523
08/04/2020,South East,564
07/04/2020,South East,718
06/04/2020,South East,592
05/04/2020,South East,424
03/09/2020,South West,146
04/04/2020,South East,455
03/04/2020,South East,518
02/09/2020,South West,131
07/10/2020,West Midlands,1216
01/09/2020,South West,99
31/08/2020,South West,57
30/08/2020,South West,34
29/08/2020,South West,50
28/08/2020,South West,72
27/08/2020,South West,56
26/08/2020,South West,62
02/04/2020,South East,484
01/04/2020,South East,547
31/03/2020,South East,470
25/08/2020,South West,50
24/08/2020,South West,49
23/08/2020,South West,41
22/08/2020,South West,39
21/08/2020,South West,64
20/08/2020,South West,85
06/10/2020,West Midlands,1216
30/03/2020,South East,477
29/03/2020,South East,295
05/10/2020,West Midlands,1156
19/08/2020,South West,69
28/03/2020,South East,339
27/03/2020,South East,330
26/03/2020,South East,319
18/08/2020,South West,58
17/08/2020,South West,48
04/10/2020,West Midlands,684
16/08/2020,South West,37
15/08/2020,South West,24
25/03/2020,South East,306
24/03/2020,South East,236
14/08/2020,South West,55
13/08/2020,South West,53
23/03/2020,South East,282
22/03/2020,South East,170
21/03/2020,South East,128
03/10/2020,West Midlands,741
02/10/2020,West Midlands,940
20/03/2020,South East,127
12/08/2020,South West,42
01/10/2020,West Midlands,886
19/03/2020,South East,127
11/08/2020,South West,41
18/03/2020,South East,122
17/03/2020,South East,89
16/03/2020,South East,78
15/03/2020,South East,53
14/03/2020,South East,41
10/08/2020,South West,42
30/09/2020,West Midlands,936
13/03/2020,South East,53
12/03/2020,South East,86
11/03/2020,South East,50
10/03/2020,South East,36
09/03/2020,South East,24
08/03/2020,South East,10
07/03/2020,South East,4
09/08/2020,South West,15
06/03/2020,South East,16
05/03/2020,South East,5
04/03/2020,South East,7
03/03/2020,South East,9
29/09/2020,West Midlands,753
02/03/2020,South East,1
01/03/2020,South East,0
28/09/2020,West Midlands,693
27/09/2020,West Midlands,495
26/09/2020,West Midlands,565
25/09/2020,West Midlands,601
24/09/2020,West Midlands,690
23/09/2020,West Midlands,684
22/09/2020,West Midlands,610
21/09/2020,West Midlands,646
20/09/2020,West Midlands,598
08/08/2020,South West,25
19/09/2020,West Midlands,580
18/09/2020,West Midlands,581
17/09/2020,West Midlands,507
16/09/2020,West Midlands,457
15/09/2020,West Midlands,362
14/09/2020,West Midlands,323
29/02/2020,South East,2
28/02/2020,South East,2
27/02/2020,South East,2
26/02/2020,South East,0
13/09/2020,West Midlands,218
12/09/2020,West Midlands,290
25/02/2020,South East,1
11/09/2020,West Midlands,359
24/02/2020,South East,1
23/02/2020,South East,1
22/02/2020,South East,0
10/09/2020,West Midlands,385
07/08/2020,South West,41
06/08/2020,South West,45
05/08/2020,South West,40
04/08/2020,South West,54
09/09/2020,West Midlands,386
03/08/2020,South West,43
02/08/2020,South West,10
01/08/2020,South West,9
31/07/2020,South West,29
30/07/2020,South West,63
21/02/2020,South East,0
29/07/2020,South West,53
20/02/2020,South East,0
19/02/2020,South East,0
18/02/2020,South East,0
17/02/2020,South East,0
16/02/2020,South East,0
15/02/2020,South East,0
14/02/2020,South East,0
08/09/2020,West Midlands,430
13/02/2020,South East,0
12/02/2020,South East,0
07/09/2020,West Midlands,487
06/09/2020,West Midlands,320
11/02/2020,South East,0
05/09/2020,West Midlands,307
28/07/2020,South West,34
04/09/2020,West Midlands,435
27/07/2020,South West,39
26/07/2020,South West,20
10/02/2020,South East,0
09/02/2020,South East,1
25/07/2020,South West,16
24/07/2020,South West,34
23/07/2020,South West,39
08/02/2020,South East,4
22/07/2020,South West,30
07/02/2020,South East,0
21/07/2020,South West,35
20/07/2020,South West,22
19/07/2020,South West,9
03/09/2020,West Midlands,364
18/07/2020,South West,12
02/09/2020,West Midlands,346
17/07/2020,South West,20
06/02/2020,South East,0
28/12/2020,East Midlands,84
27/12/2020,East Midlands,2050
26/12/2020,East Midlands,1799
25/12/2020,East Midlands,660
24/12/2020,East Midlands,1290
23/12/2020,East Midlands,1951
01/09/2020,West Midlands,256
31/08/2020,West Midlands,127
30/08/2020,West Midlands,94
29/08/2020,West Midlands,111
28/08/2020,West Midlands,154
27/08/2020,West Midlands,143
26/08/2020,West Midlands,125
25/08/2020,West Midlands,142
24/08/2020,West Midlands,137
05/02/2020,South East,1
23/08/2020,West Midlands,82
22/08/2020,West Midlands,76
21/08/2020,West Midlands,104
20/08/2020,West Midlands,163
19/08/2020,West Midlands,118
18/08/2020,West Midlands,110
17/08/2020,West Midlands,138
16/08/2020,West Midlands,73
22/12/2020,East Midlands,2061
15/08/2020,West Midlands,96
14/08/2020,West Midlands,171
13/08/2020,West Midlands,117
12/08/2020,West Midlands,133
11/08/2020,West Midlands,164
10/08/2020,West Midlands,158
09/08/2020,West Midlands,77
08/08/2020,West Midlands,74
21/12/2020,East Midlands,2357
20/12/2020,East Midlands,1690
19/12/2020,East Midlands,1333
18/12/2020,East Midlands,1704
17/12/2020,East Midlands,1670
16/12/2020,East Midlands,1683
15/12/2020,East Midlands,1720
14/12/2020,East Midlands,2039
16/07/2020,South West,27
13/12/2020,East Midlands,1043
12/12/2020,East Midlands,1030
11/12/2020,East Midlands,1432
10/12/2020,East Midlands,1429
09/12/2020,East Midlands,1411
08/12/2020,East Midlands,1405
07/12/2020,East Midlands,1566
06/12/2020,East Midlands,955
07/08/2020,West Midlands,106
05/12/2020,East Midlands,855
04/12/2020,East Midlands,1096
15/07/2020,South West,17
06/08/2020,West Midlands,113
05/08/2020,West Midlands,95
14/07/2020,South West,19
13/07/2020,South West,17
12/07/2020,South West,6
11/07/2020,South West,6
10/07/2020,South West,13
04/08/2020,West Midlands,98
03/12/2020,East Midlands,1240
03/08/2020,West Midlands,89
09/07/2020,South West,17
08/07/2020,South West,15
07/07/2020,South West,16
06/07/2020,South West,23
05/07/2020,South West,17
04/07/2020,South West,9
02/12/2020,East Midlands,1257
03/07/2020,South West,8
02/07/2020,South West,11
01/12/2020,East Midlands,1269
30/11/2020,East Midlands,1443
29/11/2020,East Midlands,795
28/11/2020,East Midlands,873
27/11/2020,East Midlands,1122
26/11/2020,East Midlands,1167
25/11/2020,East Midlands,1343
24/11/2020,East Midlands,1459
23/11/2020,East Midlands,1629
22/11/2020,East Midlands,1010
21/11/2020,East Midlands,1095
20/11/2020,East Midlands,1471
19/11/2020,East Midlands,1496
18/11/2020,East Midlands,1832
17/11/2020,East Midlands,2109
16/11/2020,East Midlands,2579
15/11/2020,East Midlands,1410
14/11/2020,East Midlands,1709
02/08/2020,West Midlands,42
01/07/2020,South West,24
01/08/2020,West Midlands,54
31/07/2020,West Midlands,82
30/06/2020,South West,18
29/06/2020,South West,16
30/07/2020,West Midlands,80
28/06/2020,South West,11
29/07/2020,West Midlands,90
28/07/2020,West Midlands,89
27/06/2020,South West,8
26/06/2020,South West,12
27/07/2020,West Midlands,77
25/06/2020,South West,9
26/07/2020,West Midlands,65
25/07/2020,West Midlands,67
24/06/2020,South West,17
23/06/2020,South West,15
22/06/2020,South West,19
21/06/2020,South West,8
20/06/2020,South West,8
19/06/2020,South West,24
18/06/2020,South West,13
17/06/2020,South West,16
16/06/2020,South West,15
24/07/2020,West Midlands,79
23/07/2020,West Midlands,89
22/07/2020,West Midlands,77
21/07/2020,West Midlands,80
20/07/2020,West Midlands,81
19/07/2020,West Midlands,40
13/11/2020,East Midlands,2147
12/11/2020,East Midlands,2168
11/11/2020,East Midlands,2650
10/11/2020,East Midlands,2659
09/11/2020,East Midlands,2993
08/11/2020,East Midlands,2016
07/11/2020,East Midlands,1751
15/06/2020,South West,20
14/06/2020,South West,9
13/06/2020,South West,13
06/11/2020,East Midlands,2293
18/07/2020,West Midlands,51
17/07/2020,West Midlands,68
16/07/2020,West Midlands,65
05/11/2020,East Midlands,2197
15/07/2020,West Midlands,108
14/07/2020,West Midlands,72
13/07/2020,West Midlands,78
12/07/2020,West Midlands,38
04/11/2020,East Midlands,2146
03/11/2020,East Midlands,2360
11/07/2020,West Midlands,40
10/07/2020,West Midlands,43
09/07/2020,West Midlands,123
08/07/2020,West Midlands,65
07/07/2020,West Midlands,60
06/07/2020,West Midlands,53
05/07/2020,West Midlands,36
04/07/2020,West Midlands,23
03/07/2020,West Midlands,41
02/11/2020,East Midlands,3245
01/11/2020,East Midlands,1230
31/10/2020,East Midlands,1502
30/10/2020,East Midlands,2062
29/10/2020,East Midlands,2102
12/06/2020,South West,19
11/06/2020,South West,25
10/06/2020,South West,31
28/10/2020,East Midlands,2143
27/10/2020,East Midlands,2049
09/06/2020,South West,25
02/07/2020,West Midlands,54
01/07/2020,West Midlands,50
08/06/2020,South West,23
30/06/2020,West Midlands,51
29/06/2020,West Midlands,56
26/10/2020,East Midlands,2352
25/10/2020,East Midlands,1476
24/10/2020,East Midlands,1461
23/10/2020,East Midlands,1841
28/06/2020,West Midlands,26
27/06/2020,West Midlands,44
26/06/2020,West Midlands,69
22/10/2020,East Midlands,2124
25/06/2020,West Midlands,56
24/06/2020,West Midlands,54
23/06/2020,West Midlands,52
22/06/2020,West Midlands,67
21/10/2020,East Midlands,2119
21/06/2020,West Midlands,37
07/06/2020,South West,18
20/10/2020,East Midlands,2125
20/06/2020,West Midlands,48
19/10/2020,East Midlands,2381
18/10/2020,East Midlands,1083
19/06/2020,West Midlands,52
18/06/2020,West Midlands,83
17/06/2020,West Midlands,80
16/06/2020,West Midlands,106
15/06/2020,West Midlands,103
14/06/2020,West Midlands,75
17/10/2020,East Midlands,1208
13/06/2020,West Midlands,86
12/06/2020,West Midlands,79
11/06/2020,West Midlands,92
10/06/2020,West Midlands,92
09/06/2020,West Midlands,101
08/06/2020,West Midlands,119
07/06/2020,West Midlands,64
06/06/2020,West Midlands,77
06/06/2020,South West,24
05/06/2020,West Midlands,102
04/06/2020,West Midlands,136
03/06/2020,West Midlands,124
02/06/2020,West Midlands,125
01/06/2020,West Midlands,125
31/05/2020,West Midlands,78
16/10/2020,East Midlands,1292
15/10/2020,East Midlands,1430
14/10/2020,East Midlands,1796
13/10/2020,East Midlands,1576
05/06/2020,South West,51
12/10/2020,East Midlands,1767
04/06/2020,South West,65
03/06/2020,South West,68
02/06/2020,South West,52
01/06/2020,South West,52
31/05/2020,South West,62
30/05/2020,South West,51
11/10/2020,East Midlands,1106
29/05/2020,South West,75
28/05/2020,South West,116
10/10/2020,East Midlands,1126
27/05/2020,South West,104
26/05/2020,South West,81
25/05/2020,South West,61
30/05/2020,West Midlands,115
29/05/2020,West Midlands,155
28/05/2020,West Midlands,155
27/05/2020,West Midlands,194
24/05/2020,South West,59
26/05/2020,West Midlands,152
23/05/2020,South West,41
25/05/2020,West Midlands,138
24/05/2020,West Midlands,135
23/05/2020,West Midlands,148
22/05/2020,West Midlands,196
22/05/2020,South West,82
21/05/2020,West Midlands,224
20/05/2020,West Midlands,254
21/05/2020,South West,87
19/05/2020,West Midlands,279
18/05/2020,West Midlands,208
20/05/2020,South West,137
17/05/2020,West Midlands,172
16/05/2020,West Midlands,175
19/05/2020,South West,108
18/05/2020,South West,119
17/05/2020,South West,97
16/05/2020,South West,92
15/05/2020,West Midlands,266
14/05/2020,West Midlands,257
09/10/2020,East Midlands,1439
13/05/2020,West Midlands,244
15/05/2020,South West,104
14/05/2020,South West,94
13/05/2020,South West,177
12/05/2020,West Midlands,309
11/05/2020,West Midlands,250
08/10/2020,East Midlands,1935
07/10/2020,East Midlands,1701
10/05/2020,West Midlands,218
09/05/2020,West Midlands,163
08/05/2020,West Midlands,341
12/05/2020,South West,178
11/05/2020,South West,254
10/05/2020,South West,134
09/05/2020,South West,107
08/05/2020,South West,178
07/05/2020,South West,180
07/05/2020,West Midlands,369
06/05/2020,West Midlands,314
05/05/2020,West Midlands,318
06/05/2020,South West,200
06/10/2020,East Midlands,1502
05/05/2020,South West,172
04/05/2020,South West,165
04/05/2020,West Midlands,237
03/05/2020,West Midlands,297
02/05/2020,West Midlands,319
01/05/2020,West Midlands,471
30/04/2020,West Midlands,451
05/10/2020,East Midlands,1568
04/10/2020,East Midlands,1158
03/10/2020,East Midlands,1019
02/10/2020,East Midlands,1200
01/10/2020,East Midlands,1046
30/09/2020,East Midlands,871
29/09/2020,East Midlands,604
28/09/2020,East Midlands,561
27/09/2020,East Midlands,396
26/09/2020,East Midlands,323
25/09/2020,East Midlands,327
29/04/2020,West Midlands,441
28/04/2020,West Midlands,375
27/04/2020,West Midlands,418
26/04/2020,West Midlands,316
25/04/2020,West Midlands,386
24/04/2020,West Midlands,482
23/04/2020,West Midlands,551
22/04/2020,West Midlands,579
21/04/2020,West Midlands,493
03/05/2020,South West,176
02/05/2020,South West,208
24/09/2020,East Midlands,334
23/09/2020,East Midlands,296
22/09/2020,East Midlands,269
21/09/2020,East Midlands,292
20/09/2020,East Midlands,265
19/09/2020,East Midlands,248
18/09/2020,East Midlands,259
20/04/2020,West Midlands,402
17/09/2020,East Midlands,252
16/09/2020,East Midlands,243
19/04/2020,West Midlands,340
01/05/2020,South West,265
18/04/2020,West Midlands,548
17/04/2020,West Midlands,445
15/09/2020,East Midlands,206
30/04/2020,South West,245
14/09/2020,East Midlands,199
16/04/2020,West Midlands,511
15/04/2020,West Midlands,387
29/04/2020,South West,348
14/04/2020,West Midlands,322
28/04/2020,South West,276
13/04/2020,West Midlands,279
12/04/2020,West Midlands,239
11/04/2020,West Midlands,253
10/04/2020,West Midlands,362
09/04/2020,West Midlands,345
08/04/2020,West Midlands,361
07/04/2020,West Midlands,386
06/04/2020,West Midlands,360
05/04/2020,West Midlands,290
04/04/2020,West Midlands,345
27/04/2020,South West,321
03/04/2020,West Midlands,372
13/09/2020,East Midlands,123
02/04/2020,West Midlands,449
12/09/2020,East Midlands,141
11/09/2020,East Midlands,218
10/09/2020,East Midlands,207
09/09/2020,East Midlands,252
08/09/2020,East Midlands,311
01/04/2020,West Midlands,409
31/03/2020,West Midlands,414
07/09/2020,East Midlands,343
26/04/2020,South West,254
25/04/2020,South West,200
24/04/2020,South West,250
23/04/2020,South West,281
22/04/2020,South West,286
30/03/2020,West Midlands,431
29/03/2020,West Midlands,366
28/03/2020,West Midlands,323
27/03/2020,West Midlands,279
26/03/2020,West Midlands,314
21/04/2020,South West,228
20/04/2020,South West,184
19/04/2020,South West,201
18/04/2020,South West,167
17/04/2020,South West,239
16/04/2020,South West,262
15/04/2020,South West,211
14/04/2020,South West,185
13/04/2020,South West,194
12/04/2020,South West,179
25/03/2020,West Midlands,240
11/04/2020,South West,172
06/09/2020,East Midlands,135
24/03/2020,West Midlands,250
23/03/2020,West Midlands,240
22/03/2020,West Midlands,111
05/09/2020,East Midlands,166
21/03/2020,West Midlands,125
04/09/2020,East Midlands,182
03/09/2020,East Midlands,234
02/09/2020,East Midlands,244
10/04/2020,South West,234
09/04/2020,South West,246
20/03/2020,West Midlands,151
19/03/2020,West Midlands,123
01/09/2020,East Midlands,158
31/08/2020,East Midlands,87
18/03/2020,West Midlands,99
08/04/2020,South West,237
17/03/2020,West Midlands,69
07/04/2020,South West,212
06/04/2020,South West,185
05/04/2020,South West,153
30/08/2020,East Midlands,61
29/08/2020,East Midlands,48
04/04/2020,South West,174
03/04/2020,South West,191
16/03/2020,West Midlands,56
28/08/2020,East Midlands,95
15/03/2020,West Midlands,44
02/04/2020,South West,183
27/08/2020,East Midlands,83
14/03/2020,West Midlands,31
13/03/2020,West Midlands,40
12/03/2020,West Midlands,47
11/03/2020,West Midlands,29
10/03/2020,West Midlands,17
09/03/2020,West Midlands,8
26/08/2020,East Midlands,91
25/08/2020,East Midlands,73
01/04/2020,South West,183
08/03/2020,West Midlands,4
31/03/2020,South West,142
07/03/2020,West Midlands,6
24/08/2020,East Midlands,88
23/08/2020,East Midlands,52
22/08/2020,East Midlands,49
21/08/2020,East Midlands,101
20/08/2020,East Midlands,100
19/08/2020,East Midlands,101
18/08/2020,East Midlands,77
06/03/2020,West Midlands,2
17/08/2020,East Midlands,138
05/03/2020,West Midlands,6
16/08/2020,East Midlands,58
04/03/2020,West Midlands,3
30/03/2020,South West,164
15/08/2020,East Midlands,55
14/08/2020,East Midlands,87
03/03/2020,West Midlands,1
29/03/2020,South West,101
02/03/2020,West Midlands,4
13/08/2020,East Midlands,109
28/03/2020,South West,102
01/03/2020,West Midlands,2
27/03/2020,South West,128
29/02/2020,West Midlands,0
26/03/2020,South West,119
25/03/2020,South West,104
24/03/2020,South West,68
23/03/2020,South West,62
22/03/2020,South West,44
28/02/2020,West Midlands,0
27/02/2020,West Midlands,0
26/02/2020,West Midlands,0
25/02/2020,West Midlands,0
24/02/2020,West Midlands,0
23/02/2020,West Midlands,0
22/02/2020,West Midlands,1
21/03/2020,South West,42
20/03/2020,South West,43
12/08/2020,East Midlands,119
11/08/2020,East Midlands,176
19/03/2020,South West,21
18/03/2020,South West,44
17/03/2020,South West,21
16/03/2020,South West,18
15/03/2020,South West,17
14/03/2020,South West,10
13/03/2020,South West,30
10/08/2020,East Midlands,211
12/03/2020,South West,18
11/03/2020,South West,14
10/03/2020,South West,11
09/03/2020,South West,5
08/03/2020,South West,3
09/08/2020,East Midlands,72
08/08/2020,East Midlands,74
07/08/2020,East Midlands,92
07/03/2020,South West,5
06/03/2020,South West,11
05/03/2020,South West,3
06/08/2020,East Midlands,113
05/08/2020,East Midlands,114
04/03/2020,South West,6
03/03/2020,South West,10
04/08/2020,East Midlands,88
03/08/2020,East Midlands,108
02/08/2020,East Midlands,54
02/03/2020,South West,8
01/08/2020,East Midlands,69
31/07/2020,East Midlands,75
30/07/2020,East Midlands,111
29/07/2020,East Midlands,108
28/07/2020,East Midlands,77
27/07/2020,East Midlands,92
26/07/2020,East Midlands,38
25/07/2020,East Midlands,44
01/03/2020,South West,3
24/07/2020,East Midlands,83
23/07/2020,East Midlands,94
22/07/2020,East Midlands,88
21/07/2020,East Midlands,68
20/07/2020,East Midlands,82
19/07/2020,East Midlands,48
18/07/2020,East Midlands,63
17/07/2020,East Midlands,80
29/02/2020,South West,0
16/07/2020,East Midlands,92
15/07/2020,East Midlands,112
28/02/2020,South West,0
27/02/2020,South West,1
26/02/2020,South West,1
14/07/2020,East Midlands,89
13/07/2020,East Midlands,104
12/07/2020,East Midlands,46
11/07/2020,East Midlands,94
10/07/2020,East Midlands,98
09/07/2020,East Midlands,94
08/07/2020,East Midlands,110
07/07/2020,East Midlands,108
06/07/2020,East Midlands,139
05/07/2020,East Midlands,127
04/07/2020,East Midlands,84
03/07/2020,East Midlands,108
02/07/2020,East Midlands,105
01/07/2020,East Midlands,120
30/06/2020,East Midlands,129
29/06/2020,East Midlands,129
28/06/2020,East Midlands,78
27/06/2020,East Midlands,87
26/06/2020,East Midlands,114
25/06/2020,East Midlands,126
24/06/2020,East Midlands,173
23/06/2020,East Midlands,170
22/06/2020,East Midlands,177
21/06/2020,East Midlands,131
20/06/2020,East Midlands,145
19/06/2020,East Midlands,153
18/06/2020,East Midlands,169
17/06/2020,East Midlands,164
16/06/2020,East Midlands,161
15/06/2020,East Midlands,165
14/06/2020,East Midlands,144
13/06/2020,East Midlands,132
12/06/2020,East Midlands,173
11/06/2020,East Midlands,182
10/06/2020,East Midlands,166
09/06/2020,East Midlands,177
08/06/2020,East Midlands,174
07/06/2020,East Midlands,127
06/06/2020,East Midlands,105
05/06/2020,East Midlands,155
04/06/2020,East Midlands,143
03/06/2020,East Midlands,174
02/06/2020,East Midlands,218
01/06/2020,East Midlands,217
31/05/2020,East Midlands,149
30/05/2020,East Midlands,139
29/05/2020,East Midlands,170
28/05/2020,East Midlands,191
27/05/2020,East Midlands,197
26/05/2020,East Midlands,160
25/05/2020,East Midlands,192
24/05/2020,East Midlands,145
23/05/2020,East Midlands,164
22/05/2020,East Midlands,240
20/05/2020,East Midlands,274
19/05/2020,East Midlands,293
18/05/2020,East Midlands,271
17/05/2020,East Midlands,203
16/05/2020,East Midlands,256
15/05/2020,East Midlands,252
14/05/2020,East Midlands,226
13/05/2020,East Midlands,298
12/05/2020,East Midlands,322
11/05/2020,East Midlands,307
10/05/2020,East Midlands,199
09/05/2020,East Midlands,176
08/05/2020,East Midlands,268
07/05/2020,East Midlands,312
06/05/2020,East Midlands,334
05/05/2020,East Midlands,284
04/05/2020,East Midlands,235
03/05/2020,East Midlands,169
02/05/2020,East Midlands,198
01/05/2020,East Midlands,294
30/04/2020,East Midlands,294
29/04/2020,East Midlands,378
28/04/2020,East Midlands,272
27/04/2020,East Midlands,319
26/04/2020,East Midlands,242
25/04/2020,East Midlands,246
24/04/2020,East Midlands,298
23/04/2020,East Midlands,269
22/04/2020,East Midlands,334
21/04/2020,East Midlands,219
20/04/2020,East Midlands,187
19/04/2020,East Midlands,246
18/04/2020,East Midlands,195
17/04/2020,East Midlands,255
16/04/2020,East Midlands,267
15/04/2020,East Midlands,217
14/04/2020,East Midlands,210
13/04/2020,East Midlands,172
12/04/2020,East Midlands,214
11/04/2020,East Midlands,174
10/04/2020,East Midlands,172
09/04/2020,East Midlands,233
08/04/2020,East Midlands,187
07/04/2020,East Midlands,228
06/04/2020,East Midlands,214
05/04/2020,East Midlands,149
04/04/2020,East Midlands,189
03/04/2020,East Midlands,259
02/04/2020,East Midlands,212
01/04/2020,East Midlands,295
31/03/2020,East Midlands,277
30/03/2020,East Midlands,206
29/03/2020,East Midlands,129
28/03/2020,East Midlands,158
27/03/2020,East Midlands,137
26/03/2020,East Midlands,155
25/03/2020,East Midlands,116
24/03/2020,East Midlands,135
23/03/2020,East Midlands,117
22/03/2020,East Midlands,99
21/03/2020,East Midlands,69
20/03/2020,East Midlands,53
19/03/2020,East Midlands,66
18/03/2020,East Midlands,48
17/03/2020,East Midlands,33
16/03/2020,East Midlands,34
15/03/2020,East Midlands,26
14/03/2020,East Midlands,19
13/03/2020,East Midlands,22
12/03/2020,East Midlands,17
11/03/2020,East Midlands,25
10/03/2020,East Midlands,12
09/03/2020,East Midlands,10
08/03/2020,East Midlands,1
07/03/2020,East Midlands,5
06/03/2020,East Midlands,7
05/03/2020,East Midlands,3
04/03/2020,East Midlands,2
03/03/2020,East Midlands,7
02/03/2020,East Midlands,2
01/03/2020,East Midlands,1
29/02/2020,East Midlands,1
28/02/2020,East Midlands,1
27/02/2020,East Midlands,0
26/02/2020,East Midlands,0
25/02/2020,East Midlands,1
24/02/2020,East Midlands,0
23/02/2020,East Midlands,0
22/02/2020,East Midlands,0
21/02/2020,East Midlands,1
21/05/2020,East Midlands,281
